content,channel,customer_label,created_at
"The checkout page takes too long to load.",support,Customer 001,2026-09-20T10:00:00Z
"I love the new mobile app design.",app_review,Customer 002,2026-09-21T11:00:00Z
"Support took three days to respond.",survey,Customer 003,2026-09-22T12:00:00Z
"The sales demo was clear and helpful.",sales,Customer 004,2026-09-23T13:00:00Z
"Please add dark mode to the mobile app.",social,Customer 005,2026-09-24T14:00:00Z
"The community documentation is outdated.",community,Customer 006,2026-09-25T15:00:00Z
"I cannot find my invoices.",other,Customer 007,2026-09-26T16:00:00Z
"Invalid channel example",wrong_channel,Customer 008,2026-09-27T17:00:00Z
"Invalid date example",support,Customer 009,not-a-date
,app_review,Customer 010,2026-09-28T18:00:00Z
"Feedback with no customer label",support,,2026-09-29T19:00:00Z
"Missing date example",support,Customer 011,